類型,商品名稱,店家,原價,現價,差額,連結
降價,Lモンスターハンターライズ:サンブレイク【中古スマスロ台実機】,イニシャルP (FC2),798000,298000,-500000,https://initialp.cart.fc2.com/ca3/4145/p-r3-s/
降價,e Re:ゼロから始める異世界生活 鬼がかり2【中古スマパチ台実機】,イニシャルP (FC2),1980000,1680000,-300000,https://initialp.cart.fc2.com/ca1/4148/p-r1-s/
降價,北電子 ウルトラミラクルジャグラー 中古パチスロ実機,ホームスロット,1864500,1585700,-278800,https://home-slot.net/SHOP/s-kitadenshi218.html
降價,北電子 ウルトラミラクルジャグラー 中古パチスロ実機,A-SLOT,1874500,1595700,-278800,https://www.a-slot.com/SHOP/s-kitadenshi218.html
降價,パイオニア ニューキングハナハナV-30 中古パチスロ実機,ホームスロット,1147200,1020500,-126700,https://home-slot.net/SHOP/s-pioneer230.html
降價,【お取り寄せ商品】パイオニア ニューキングハナハナV-30 中古パチスロ実機,A-SLOT,1157200,1030500,-126700,https://www.a-slot.com/SHOP/s-pioneer230.html
降價,Lパリピ孔明【中古スマスロ台実機】,イニシャルP (FC2),798000,698000,-100000,https://initialp.cart.fc2.com/ca3/4151/p-r3-s/
降價,スパイキー L 東京喰種 中古パチスロ実機 [スマスロ][4ch対応][まるごと配送限定],ホームスロット,649000,576600,-72400,https://home-slot.net/SHOP/s-spyki209.html
降價,スパイキー L 東京喰種 中古パチスロ実機 [スマスロ][4ch対応][まるごと配送限定],A-SLOT,659000,586600,-72400,https://www.a-slot.com/SHOP/s-spyki209.html
降價,e冴えない彼女の育てかた【中古スマパチ台実機】,イニシャルP (FC2),168000,108000,-60000,https://initialp.cart.fc2.com/ca1/3894/p7-r1-s/
降價,藤商事 スマスロ とある魔術の禁書目録2 中古パチスロ実機 [スマスロ] [4ch対応],ホームスロット,374200,323500,-50700,https://home-slot.net/SHOP/s-fuji210.html
降價,藤商事 スマスロ とある魔術の禁書目録2 中古パチスロ実機 [スマスロ] [4ch対応],A-SLOT,384200,333500,-50700,https://www.a-slot.com/SHOP/s-fuji210.html
降價,デジハネP北斗の拳 慈母【中古パチンコ台実機】,イニシャルP (FC2),318000,268000,-50000,https://initialp.cart.fc2.com/ca1/3884/p8-r1-s/
降價,eAF炎炎ノ消防隊2 99ver.【中古スマパチ台実機】,イニシャルP (FC2),348000,298000,-50000,https://initialp.cart.fc2.com/ca1/4140/p-r1-s/
降價,L炎炎ノ消防隊2【中古スマスロ台実機】,イニシャルP (FC2),248000,198000,-50000,https://initialp.cart.fc2.com/ca3/4022/p2-r3-s/
降價,スパイキー L 東京喰種 [トーカパネル] 中古パチスロ実機 [スマスロ][4ch対応][まるごと配送限定],ホームスロット,707600,658600,-49000,https://home-slot.net/SHOP/s-spyki213.html
降價,e Re:ゼロから始める異世界生活 season2【中古スマパチ台実機】,イニシャルP (FC2),148000,108000,-40000,https://initialp.cart.fc2.com/ca1/3651/p14-r1-s/
降價,P緋弾のアリア～緋緋神降臨～88Ver.【中古パチンコ台実機】,イニシャルP (FC2),138000,98000,-40000,https://initialp.cart.fc2.com/ca1/3902/p7-r1-s/
降價,P真・座頭市物語 LT99ver.【中古パチンコ台実機】,イニシャルP (FC2),288000,248000,-40000,https://initialp.cart.fc2.com/ca1/3952/p6-r1-s/
降價,PA野生の王国6【中古パチンコ台実機】,イニシャルP (FC2),438000,398000,-40000,https://initialp.cart.fc2.com/ca1/3988/p5-r1-s/
降價,e甲鉄城のカバネリ2 輪廻の果報119ver.【中古スマパチ台実機】,イニシャルP (FC2),198000,158000,-40000,https://initialp.cart.fc2.com/ca1/4139/p-r1-s/
降價,Lとある科学の超電磁砲2【中古スマスロ台実機】,イニシャルP (FC2),138000,98000,-40000,https://initialp.cart.fc2.com/ca3/3972/p3-r3-s/
降價,大都技研 真打 吉宗 中古パチスロ実機 [スマスロ] [8ch対応],ホームスロット,957100,919100,-38000,https://home-slot.net/SHOP/s-daito225.html
降價,大都技研 真打 吉宗 中古パチスロ実機 [スマスロ] [8ch対応],A-SLOT,967100,929100,-38000,https://www.a-slot.com/SHOP/s-daito225.html
降價,パオン・ディーピー 押忍！番長ZERO 中古パチスロ実機,ホームスロット,83500,46500,-37000,https://home-slot.net/SHOP/s-paon202.html
降價,パオン・ディーピー 押忍！番長ZERO [メインパネル] 中古パチスロ実機 [8ch対応],A-SLOT,93500,56500,-37000,https://www.a-slot.com/SHOP/s-paon202.html
降價,コナミアミューズメント 戦国コレクション6 中古パチスロ実機 [スマスロ] [4ch対応],ホームスロット,249800,218100,-31700,https://home-slot.net/SHOP/s-konami228.html
降價,コナミアミューズメント 戦国コレクション6 中古パチスロ実機 [スマスロ] [4ch対応],A-SLOT,259800,228100,-31700,https://www.a-slot.com/SHOP/s-konami228.html
降價,eぱちんこ押忍!番長 漢の頂【中古スマパチ台実機】,イニシャルP (FC2),138000,108000,-30000,https://initialp.cart.fc2.com/ca1/3827/p9-r1-s/
降價,e真・一騎当千～軍神覚醒～319大入りver.【中古スマパチ台実機】,イニシャルP (FC2),378000,348000,-30000,https://initialp.cart.fc2.com/ca1/3930/p6-r1-s/
降價,デカスタPシュタインズ・ゲート ゼロ まゆしぃば～じょん【中古パチンコ台実機】,イニシャルP (FC2),298000,268000,-30000,https://initialp.cart.fc2.com/ca1/3962/p5-r1-s/
降價,e地獄少女 7500Ver.【中古スマパチ台実機】,イニシャルP (FC2),158000,128000,-30000,https://initialp.cart.fc2.com/ca1/3990/p5-r1-s/
降價,Pゴジラ対エヴァンゲリオン2 超デカシルバー【中古パチンコ台実機】,イニシャルP (FC2),228000,198000,-30000,https://initialp.cart.fc2.com/ca1/4006/p4-r1-s/
降價,P痛いのは嫌なので防御力に極振りしたいと思います。 極振り129ver.【中古パチンコ台実機】,イニシャルP (FC2),158000,128000,-30000,https://initialp.cart.fc2.com/ca1/4039/p3-r1-s/
降價,Pうしおととら～神のせSPEC～100ver.【中古パチンコ台実機】,イニシャルP (FC2),498000,468000,-30000,https://initialp.cart.fc2.com/ca1/4143/p-r1-s/
降價,e吉宗 極乗3000ver.【中古スマパチ台実機】,イニシャルP (FC2),118000,98000,-20000,https://initialp.cart.fc2.com/ca1/4003/p4-r1-s/
降價,P閃乱カグラ 189大入りver.【中古パチンコ台実機】,イニシャルP (FC2),248000,228000,-20000,https://initialp.cart.fc2.com/ca1/4015/p4-r1-s/
降價,P黄門ちゃま寿限無 LLサイズ 259ver.【中古パチンコ台実機】,イニシャルP (FC2),198000,178000,-20000,https://initialp.cart.fc2.com/ca1/4024/p3-r1-s/
降價,eシン・ウルトラマン 79ver.【中古スマパチ台実機】,イニシャルP (FC2),228000,208000,-20000,https://initialp.cart.fc2.com/ca1/4138/p-r1-s/
降價,アムテックス Lタクトオーパス デスティニー 中古パチスロ実機 [スマスロ] [8ch対応],ホームスロット,161100,142100,-19000,https://home-slot.net/SHOP/s-amt216.html
降價,山佐 スマスロケロット5BT 中古パチスロ実機 [スマスロ] [4ch対応],ホームスロット,167400,152200,-15200,https://home-slot.net/SHOP/s-yamasa251.html
降價,山佐 スマスロケロット5BT 中古パチスロ実機 [スマスロ] [4ch対応],A-SLOT,177400,162200,-15200,https://www.a-slot.com/SHOP/s-yamasa251.html
降價,パイオニア スマート沖スロ ニューキングハナハナV 中古パチスロ実機 [スマスロ],ホームスロット,564300,551600,-12700,https://home-slot.net/SHOP/s-pioneer231.html
降價,パイオニア スマート沖スロ ニューキングハナハナV 中古パチスロ実機 [スマスロ],A-SLOT,574300,561600,-12700,https://www.a-slot.com/SHOP/s-pioneer231.html
降價,ベルコ ちゃぶ台返し 中古パチスロ実機,ホームスロット,64300,54100,-10200,https://home-slot.net/SHOP/s-bellco200.html
降價,【お取り寄せ商品】ベルコ ちゃぶ台返し 中古パチスロ実機 [4ch対応],A-SLOT,74300,64100,-10200,https://www.a-slot.com/SHOP/bellco200.html
降價,P銀河英雄伝説 Die Neue These 319ver.【中古パチンコ台実機】,イニシャルP (FC2),148000,138000,-10000,https://initialp.cart.fc2.com/ca1/3802/p10-r1-s/
降價,eF戦姫絶唱シンフォギア4 キャロルver.【中古スマパチ台実機】,イニシャルP (FC2),78000,68000,-10000,https://initialp.cart.fc2.com/ca1/3828/p9-r1-s/
降價,PA異世界魔王と召喚少女の奴隷魔術 敏感99Ver.【中古パチンコ台実機】,イニシャルP (FC2),178000,168000,-10000,https://initialp.cart.fc2.com/ca1/3875/p8-r1-s/
降價,デカスタP戦国無双【中古パチンコ台実機】,イニシャルP (FC2),168000,158000,-10000,https://initialp.cart.fc2.com/ca1/3896/p7-r1-s/
降價,Pシン・エヴァンゲリオン PREMIUM MODEL【中古パチンコ台実機】,イニシャルP (FC2),88000,78000,-10000,https://initialp.cart.fc2.com/ca1/3941/p6-r1-s/
降價,e聖戦士ダンバイン3 ZEROSONIC【中古スマパチ台実機】,イニシャルP (FC2),98000,88000,-10000,https://initialp.cart.fc2.com/ca1/3958/p6-r1-s/
降價,e花の慶次～黄金の一撃【中古スマパチ台実機】,イニシャルP (FC2),168000,158000,-10000,https://initialp.cart.fc2.com/ca1/3978/p5-r1-s/
降價,P Re:ゼロから始める異世界生活 鬼がかり 99ver.【中古パチンコ台実機】,イニシャルP (FC2),158000,148000,-10000,https://initialp.cart.fc2.com/ca1/3980/p5-r1-s/
降價,e北斗の拳11 暴凶星【中古スマパチ台実機】,イニシャルP (FC2),108000,98000,-10000,https://initialp.cart.fc2.com/ca1/3983/p5-r1-s/
降價,e異世界でチート能力を手にした俺は現実世界をも無双する ～レベルアップは人生を変えた～【中古スマパチ台実機】,イニシャルP (FC2),108000,98000,-10000,https://initialp.cart.fc2.com/ca1/4020/p4-r1-s/
降價,P冴えない彼女の育てかた 99ver.【中古パチンコ台実機】,イニシャルP (FC2),188000,178000,-10000,https://initialp.cart.fc2.com/ca1/4025/p3-r1-s/
降價,eワンパンマン2～正義執行【中古スマパチ台実機】,イニシャルP (FC2),198000,188000,-10000,https://initialp.cart.fc2.com/ca1/4038/p3-r1-s/
降價,eカケグルイ 7500ver【中古スマパチ台実機】,イニシャルP (FC2),148000,138000,-10000,https://initialp.cart.fc2.com/ca1/4065/p2-r1-s/
降價,eソードアート・オンライン オルタナティブ ガンゲイル・オンライン【中古スマパチ台実機】,イニシャルP (FC2),118000,108000,-10000,https://initialp.cart.fc2.com/ca1/4078/p2-r1-s/
降價,e化物語 鬼99ver.【中古スマパチ台実機】,イニシャルP (FC2),148000,138000,-10000,https://initialp.cart.fc2.com/ca1/4079/p2-r1-s/
降價,PAスーパー海物語IN沖縄6 Withえなこ【中古パチンコ台実機】,イニシャルP (FC2),318000,308000,-10000,https://initialp.cart.fc2.com/ca1/4088/p2-r1-s/
降價,e魔女と野獣【中古スマパチ台実機】,イニシャルP (FC2),178000,168000,-10000,https://initialp.cart.fc2.com/ca1/4132/p-r1-s/
降價,eアサルトリリィ【中古スマパチ台実機】,イニシャルP (FC2),118000,108000,-10000,https://initialp.cart.fc2.com/ca1/4134/p-r1-s/
降價,L邪神ちゃんドロップキック【中古スマスロ台実機】,イニシャルP (FC2),268000,258000,-10000,https://initialp.cart.fc2.com/ca3/4118/p-r3-s/
降價,オリンピア L ToLOVEるダークネス TRANCE ver.8.7 中古パチスロ実機 [スマスロ] [8ch対応],A-SLOT,113500,104800,-8700,https://www.a-slot.com/SHOP/s-olympia236.html
降價,ニューギン L 無職転生 ～異世界行ったら本気だす～ 中古パチスロ実機 [スマスロ][まるごと配送限定],ホームスロット,98500,90800,-7700,https://home-slot.net/SHOP/s-newgin205.html
降價,山佐 スマスロモンキーターンV [新女王パネル] 中古パチスロ実機 [スマスロ],ホームスロット,174800,167100,-7700,https://home-slot.net/SHOP/s-yamasa241.html
降價,山佐 スマスロモンキーターンV [連旋パネル] 中古パチスロ実機 [スマスロ],ホームスロット,174800,167100,-7700,https://home-slot.net/SHOP/s-yamasa245.html
降價,ニューギン L 無職転生 ～異世界行ったら本気だす～ 中古パチスロ実機 [スマスロ][まるごと配送限定],A-SLOT,108500,100800,-7700,https://www.a-slot.com/SHOP/s-newgin205.html
降價,【お取り寄せ商品】山佐 スマスロモンキーターンV [新女王パネル] 中古パチスロ実機 [スマスロ] [4ch対応],A-SLOT,184800,177100,-7700,https://www.a-slot.com/SHOP/s-yamasa241.html
降價,【お取り寄せ商品】山佐 スマスロモンキーターンV [連旋パネル] 中古パチスロ実機 [スマスロ] [4ch対応],A-SLOT,184800,177100,-7700,https://www.a-slot.com/SHOP/s-yamasa245.html
降價,アムテックス パチスロうまい棒 中古パチスロ実機,ホームスロット,41500,35100,-6400,https://home-slot.net/SHOP/s-amt209.html
降價,岡崎産業 LBトリプルクラウン 中古パチスロ実機 [スマスロ] [8ch対応],ホームスロット,41500,35100,-6400,https://home-slot.net/SHOP/s-okazaki202.html
降價,SANKYO Lパチスロ 炎炎ノ消防隊2 中古パチスロ実機 [スマスロ] [4ch対応],ホームスロット,243500,237100,-6400,https://home-slot.net/SHOP/s-sankyo234.html
降價,ユニバーサルブロス スマスロ やじきた道中記参る! 中古パチスロ実機 [スマスロ][8ch対応][まるごと配送限定],ホームスロット,142100,135700,-6400,https://home-slot.net/SHOP/s-univerasal207.html
降價,【お取り寄せ商品】アムテックス パチスロうまい棒 中古パチスロ実機,A-SLOT,51500,45100,-6400,https://www.a-slot.com/SHOP/amt209.html
降價,京楽 L アズールレーン THE ANIMATION 中古パチスロ実機 [スマスロ][8ch対応][まるごと配送限定],A-SLOT,215100,208700,-6400,https://www.a-slot.com/SHOP/s-kyoraku212.html
降價,岡崎産業 LBトリプルクラウン 中古パチスロ実機 [スマスロ] [8ch対応],A-SLOT,51500,45100,-6400,https://www.a-slot.com/SHOP/s-okazaki202.html
降價,SANKYO Lパチスロ 炎炎ノ消防隊2 中古パチスロ実機 [スマスロ] [4ch対応],A-SLOT,253500,247100,-6400,https://www.a-slot.com/SHOP/s-sankyo234.html
降價,ユニバーサルブロス スマスロ やじきた道中記参る! 中古パチスロ実機 [スマスロ][8ch対応][まるごと配送限定],A-SLOT,152100,145700,-6400,https://www.a-slot.com/SHOP/s-univerasal207.html
降價,ディ・ライト L 虚構推理 中古パチスロ実機 [スマスロ][8ch対応][まるごと配送限定],ホームスロット,210600,204300,-6300,https://home-slot.net/SHOP/s-dlight204.html
降價,エレコ スマスロ サンダーV 中古パチスロ実機 [スマスロ][8ch対応][まるごと配送限定],ホームスロット,296400,290100,-6300,https://home-slot.net/SHOP/s-eleco210.html
降價,北電子 ファンキージャグラー2 中古パチスロ実機,ホームスロット,64100,57800,-6300,https://home-slot.net/SHOP/s-kitadenshi206.html
降價,【お取り寄せ商品】北電子 ファンキージャグラー2 中古パチスロ実機,A-SLOT,74100,67800,-6300,https://www.a-slot.com/SHOP/kitadensi206.html
降價,ディ・ライト L 虚構推理 中古パチスロ実機 [スマスロ][8ch対応][まるごと配送限定],A-SLOT,220600,214300,-6300,https://www.a-slot.com/SHOP/s-dlight204.html
降價,エレコ スマスロ サンダーV 中古パチスロ実機 [スマスロ][8ch対応][まるごと配送限定],A-SLOT,306400,300100,-6300,https://www.a-slot.com/SHOP/s-eleco210.html
降價,北電子 パチスロ ダンジョンに出会いを求めるのは間違っているだろうか2 中古パチスロ実機,ホームスロット,47700,41500,-6200,https://home-slot.net/SHOP/s-kitadenshi216.html
降價,北電子 パチスロ ダンジョンに出会いを求めるのは間違っているだろうか2 ［ダンまち2］中古パチスロ実機 [8ch対応],A-SLOT,57700,51500,-6200,https://www.a-slot.com/SHOP/s-kitadenshi216.html
降價,レオスター スマスロ ストリートファイター6 中古パチスロ実機 [スマスロ][8ch対応][まるごと配送限定],ホームスロット,51500,47700,-3800,https://home-slot.net/SHOP/s-leostar201.html
降價,レオスター スマスロ ストリートファイター6 中古パチスロ実機 [スマスロ][8ch対応][まるごと配送限定],A-SLOT,61500,57700,-3800,https://www.a-slot.com/SHOP/s-leostar201.html
降價,エレコ SLOT忍者じゃじゃ丸くん 中古パチスロ実機 [8ch対応],ホームスロット,103500,101000,-2500,https://home-slot.net/SHOP/s-eleco206.html
降價,【お取り寄せ商品】エレコ SLOT忍者じゃじゃ丸くん 中古パチスロ実機 [8ch対応][まるごと配送限定],A-SLOT,113500,111000,-2500,https://www.a-slot.com/SHOP/s-eleco206.html
降價,エレコ ワードオブライツII 中古パチスロ実機 [8ch対応],ホームスロット,43900,41500,-2400,https://home-slot.net/SHOP/s-eleco205.html
降價,北電子 アニマルスロットドッチ 中古パチスロ実機 [スマスロ] [8ch対応],ホームスロット,62900,60500,-2400,https://home-slot.net/SHOP/s-kitadenshi222.html
降價,エレコ ワードオブライツII 中古パチスロ実機 [8ch対応][まるごと配送限定],A-SLOT,53900,51500,-2400,https://www.a-slot.com/SHOP/s-eleco205.html
補貨,eぱちんこ押忍!番長 漢の頂【中古スマパチ台実機】,イニシャルP (FC2),138000,108000,-30000,https://initialp.cart.fc2.com/ca1/3827/p9-r1-s/
補貨,【お取り寄せ商品】ベルコ ちゃぶ台返し 中古パチスロ実機 [4ch対応],A-SLOT,74300,64100,-10200,https://www.a-slot.com/SHOP/bellco200.html
補貨,【お取り寄せ商品】アムテックス パチスロうまい棒 中古パチスロ実機,A-SLOT,51500,45100,-6400,https://www.a-slot.com/SHOP/amt209.html
補貨,オリンピア Lバンドリ！ 中古パチスロ実機 [スマスロ] [8ch対応],ホームスロット,41500,41500,0,https://home-slot.net/SHOP/s-olympia231.html
補貨,SANKYO パチスロ 戦姫絶唱シンフォギア 勇気の歌 中古パチスロ実機,ホームスロット,54100,54100,0,https://home-slot.net/SHOP/s-sankyo214.html
補貨,【お取り寄せ商品】EXCITE 戦国パチスロ花の慶次～天を穿つ戦槍～ 中古パチスロ実機 [4ch対応],A-SLOT,45100,45100,0,https://www.a-slot.com/SHOP/excite22.html
補貨,【お取り寄せ商品】オリンピア パチスロ 乙女マスターズ～空を翔る白き軌跡～ 中古パチスロ実機 [8ch対応],A-SLOT,64100,64100,0,https://www.a-slot.com/SHOP/heiwa145.html
補貨,【お取り寄せ商品】NET スーパードラゴン 中古パチスロ実機 [4ch対応],A-SLOT,50100,50100,0,https://www.a-slot.com/SHOP/net203.html
補貨,【お取り寄せ商品】藤商事 パチスロ 戦国†恋姫 中古パチスロ実機 [4ch対応],A-SLOT,109800,109800,0,https://www.a-slot.com/SHOP/s-fuji207.html
補貨,SANKYO パチスロ 戦姫絶唱シンフォギア 勇気の歌 中古パチスロ実機 [4ch対応],A-SLOT,64100,64100,0,https://www.a-slot.com/SHOP/s-sankyo214.html
補貨,【お取り寄せ商品】サミー パチスロ獣王 王者の覚醒 中古パチスロ実機 [4ch対応],A-SLOT,46400,46400,0,https://www.a-slot.com/SHOP/sammy131.html
補貨,【お取り寄せ商品】サンスリー Sヤッターマン絶対正義 中古パチスロ実機,A-SLOT,45100,45100,0,https://www.a-slot.com/SHOP/santhree201.html
補貨,【お取り寄せ商品】山佐 パチスロ モンキーターンIII 中古パチスロ実機 [4ch対応],A-SLOT,57800,57800,0,https://www.a-slot.com/SHOP/yamasa130.html
補貨,【お取り寄せ商品】セブンリーグ パチスロ ケロット4 中古パチスロ実機 [4ch対応],A-SLOT,50100,50100,0,https://www.a-slot.com/SHOP/yamasa212.html
補貨,eひきこまり吸血姫の悶々【中古スマパチ台実機】,イニシャルP (FC2),448000,458000,10000,https://initialp.cart.fc2.com/ca1/4071/p2-r1-s/
補貨,【お取り寄せ商品】サンスリー S笑ゥせぇるすまん 絶笑 中古パチスロ実機,A-SLOT,45100,57800,12700,https://www.a-slot.com/SHOP/santhree202.html
補貨,【6号機】北電子 アイムジャグラーEX 中古パチスロ実機 [4ch対応],A-SLOT,57800,108500,50700,https://www.a-slot.com/SHOP/kitadensi204.html
新上架,タイヨーエレック スマスロ北斗の拳[メインパネル] 中古パチスロ実機 [スマスロ][8ch対応][まるごと配送限定],A-SLOT,,64000,,https://www.a-slot.com/SHOP/s-taiyo_elec204.html
新上架,オーイズミ Lパチスロ 喰霊-零-Re 中古パチスロ実機 [スマスロ][8ch対応][まるごと配送限定],ホームスロット,,827800,,https://home-slot.net/SHOP/s-oizumi221.html
新上架,オーイズミ Lパチスロ 喰霊-零-Re 中古パチスロ実機 [スマスロ][8ch対応][まるごと配送限定],A-SLOT,,837800,,https://www.a-slot.com/SHOP/s-oizumi221.html
漲價,パオン・ディーピー 押忍！番長ZERO [操恵パネル] 中古パチスロ実機,ホームスロット,50800,51500,700,https://home-slot.net/SHOP/s-paon204.html
漲價,パオン・ディーピー 押忍！番長ZERO [操恵パネル] 中古パチスロ実機 [8ch対応],A-SLOT,60800,61500,700,https://www.a-slot.com/SHOP/s-paon204.html
漲價,【お取り寄せ商品】山佐 スーパーリノMAX 中古パチスロ実機 [4ch対応],A-SLOT,102200,103400,1200,https://www.a-slot.com/SHOP/yamasa_super_reno.html
漲價,ボーダー パチスロ言い訳はさせないわよ by激壇蜜 中古パチスロ実機,ホームスロット,46500,47800,1300,https://home-slot.net/SHOP/s-border203.html
漲價,ボーダー パチスロ言い訳はさせないわよ by激壇蜜 中古パチスロ実機,A-SLOT,56500,57800,1300,https://www.a-slot.com/SHOP/s-border203.html
漲價,オーゼキ ハイパーブラックジャック 中古パチスロ実機,ホームスロット,40100,41500,1400,https://home-slot.net/SHOP/s-net205.html
漲價,【お取り寄せ商品】オーゼキ ハイパーブラックジャック 中古パチスロ実機 [4ch対応],A-SLOT,50100,51500,1400,https://www.a-slot.com/SHOP/net205.html
漲價,北電子 パチスロ ダンジョンに出会いを求めるのは間違っているだろうか［ダンまち］ 中古パチスロ実機,ホームスロット,47800,50300,2500,https://home-slot.net/SHOP/s-kitadenshi201.html
漲價,山佐 スマスロモンキーターンV [青島パネル] 中古パチスロ実機 [スマスロ],ホームスロット,168400,170900,2500,https://home-slot.net/SHOP/s-yamasa239.html
漲價,北電子 パチスロ ダンジョンに出会いを求めるのは間違っているだろうか［ダンまち］ 中古パチスロ実機 [8ch対応],A-SLOT,57800,60300,2500,https://www.a-slot.com/SHOP/kitadensi201.html
漲價,【お取り寄せ商品】山佐 スマスロモンキーターンV [青島パネル] 中古パチスロ実機 [スマスロ] [4ch対応],A-SLOT,178400,180900,2500,https://www.a-slot.com/SHOP/s-yamasa239.html
漲價,サボハニ いざ！番長 中古パチスロ実機 [スマスロ],ホームスロット,35100,37700,2600,https://home-slot.net/SHOP/s-daito221.html
漲價,セブンリーグ 天下布武4 中古パチスロ実機,ホームスロット,35100,37700,2600,https://home-slot.net/SHOP/s-yamasa210.html
漲價,サボハニ いざ！番長 中古パチスロ実機 [スマスロ] [8ch対応],A-SLOT,45100,47700,2600,https://www.a-slot.com/SHOP/s-daito221.html
漲價,セブンリーグ 天下布武4 中古パチスロ実機 [4ch対応],A-SLOT,45100,47700,2600,https://www.a-slot.com/SHOP/yamasa210.html
漲價,オーイズミ パチスロOVERLORD絶対支配者光臨II 中古パチスロ実機 [8ch対応][まるごと配送限定],ホームスロット,37700,41500,3800,https://home-slot.net/SHOP/s-oizumi213.html
漲價,オーイズミ パチスロOVERLORD絶対支配者光臨II 中古パチスロ実機 [8ch対応][まるごと配送限定],A-SLOT,47700,51500,3800,https://www.a-slot.com/SHOP/s-oizumi213.html
漲價,コナミアミューズメント 麻雀格闘倶楽部 真 中古パチスロ実機 [4ch対応],ホームスロット,35100,40100,5000,https://home-slot.net/SHOP/s-konami208.html
漲價,コナミアミューズメント 麻雀格闘倶楽部 真 中古パチスロ実機 [4ch対応],A-SLOT,45100,50100,5000,https://www.a-slot.com/SHOP/konami208.html
漲價,アクロス スマスロ ハナビ 中古パチスロ実機 [スマスロ][8ch対応][まるごと配送限定],ホームスロット,187800,194100,6300,https://home-slot.net/SHOP/s-across211.html
漲價,ベルコ キングオブジャック 中古パチスロ実機,ホームスロット,47800,54100,6300,https://home-slot.net/SHOP/s-bellco204.html
漲價,大都技研 忍魂弐～烈火ノ章～ 中古パチスロ実機,ホームスロット,47800,54100,6300,https://home-slot.net/SHOP/s-daitogiken46.html
漲價,平和 対魔導学園35試験小隊 中古パチスロ実機,ホームスロット,41500,47800,6300,https://home-slot.net/SHOP/s-heiwa210.html
漲價,七匠 アカメが斬る！ 中古パチスロ実機,ホームスロット,41500,47800,6300,https://home-slot.net/SHOP/s-nanashow204.html
漲價,【お取り寄せ商品】ベルコ キングオブジャック 中古パチスロ実機 [4ch対応],A-SLOT,57800,64100,6300,https://www.a-slot.com/SHOP/bellco204.html
漲價,平和 対魔導学園35試験小隊 中古パチスロ実機,A-SLOT,51500,57800,6300,https://www.a-slot.com/SHOP/heiwa210.html
漲價,七匠 アカメが斬る！ 中古パチスロ実機 [4ch対応],A-SLOT,51500,57800,6300,https://www.a-slot.com/SHOP/nanashow204.html
漲價,アクロス スマスロ ハナビ 中古パチスロ実機 [スマスロ][8ch対応][まるごと配送限定],A-SLOT,197800,204100,6300,https://www.a-slot.com/SHOP/s-across211.html
漲價,ボーダー 鬼若弁慶 中古パチスロ実機,ホームスロット,68500,74900,6400,https://home-slot.net/SHOP/s-border1.html
漲價,エレコ SLOTアルドノア・ゼロ 中古パチスロ実機 [8ch対応],ホームスロット,35100,41500,6400,https://home-slot.net/SHOP/s-eleco200.html
漲價,エフ パチスロ GANTZ極 THE SURVIVAL GAME 中古パチスロ実機,ホームスロット,35100,41500,6400,https://home-slot.net/SHOP/s-f200.html
漲價,オリンピア パチスロ ガールズ＆パンツァーG～これが私の戦車道です！～[ガルパン] 中古パチスロ実機,ホームスロット,35100,41500,6400,https://home-slot.net/SHOP/s-heiwa205.html
漲價,SANKYO パチスロ トータル・イクリプスLv.MAX-RT 中古パチスロ実機,ホームスロット,35100,41500,6400,https://home-slot.net/SHOP/s-sankyo200.html
漲價,山佐 パチスロ モンキーターンII 中古パチスロ実機,ホームスロット,68500,74900,6400,https://home-slot.net/SHOP/s-yamasa97.html
漲價,ボーダー 鬼若弁慶 中古パチスロ実機 [4ch対応],A-SLOT,78500,84900,6400,https://www.a-slot.com/SHOP/border1.html
漲價,エレコ SLOTアルドノア・ゼロ 中古パチスロ実機 [8ch対応][まるごと配送限定],A-SLOT,45100,51500,6400,https://www.a-slot.com/SHOP/eleco200.html
漲價,エフ パチスロ GANTZ極 THE SURVIVAL GAME 中古パチスロ実機,A-SLOT,45100,51500,6400,https://www.a-slot.com/SHOP/f200.html
漲價,オリンピア パチスロ ガールズ＆パンツァーG～これが私の戦車道です！～ [ガルパン] 中古パチスロ実機 [8ch対応],A-SLOT,45100,51500,6400,https://www.a-slot.com/SHOP/heiwa205.html
漲價,SANKYO パチスロ トータル・イクリプスLv.MAX-RT 中古パチスロ実機 [4ch対応],A-SLOT,45100,51500,6400,https://www.a-slot.com/SHOP/sankyo200.html
漲價,【お取り寄せ商品】山佐 パチスロ モンキーターンII 中古パチスロ実機 [4ch対応],A-SLOT,78500,84900,6400,https://www.a-slot.com/SHOP/yamasa97.html
漲價,eシン・エヴァンゲリオン Type カヲル【中古スマパチ台実機】,イニシャルP (FC2),68000,78000,10000,https://initialp.cart.fc2.com/ca1/3661/p13-r1-s/
漲價,e閃乱カグラ【中古スマパチ台実機】,イニシャルP (FC2),128000,138000,10000,https://initialp.cart.fc2.com/ca1/3846/p9-r1-s/
漲價,e犬夜叉3.0【中古スマパチ台実機】,イニシャルP (FC2),138000,148000,10000,https://initialp.cart.fc2.com/ca1/3916/p7-r1-s/
漲價,e女神のカフェテラス【中古スマパチ台実機】,イニシャルP (FC2),298000,308000,10000,https://initialp.cart.fc2.com/ca1/3936/p6-r1-s/
漲價,eライザのアトリエ ～常闇の女王と秘密の隠れ家～【中古スマパチ台実機】,イニシャルP (FC2),178000,188000,10000,https://initialp.cart.fc2.com/ca1/4064/p2-r1-s/
漲價,eひきこまり吸血姫の悶々【中古スマパチ台実機】,イニシャルP (FC2),448000,458000,10000,https://initialp.cart.fc2.com/ca1/4071/p2-r1-s/
漲價,銀座 スマスロ 北斗の拳 転生の章2 中古パチスロ実機 [スマスロ][8ch対応][まるごと配送限定],ホームスロット,134800,146100,11300,https://home-slot.net/SHOP/s-ginza214.html
漲價,銀座 スマスロ 北斗の拳 転生の章2 中古パチスロ実機 [スマスロ][8ch対応][まるごと配送限定],A-SLOT,144800,156100,11300,https://www.a-slot.com/SHOP/s-ginza214.html
漲價,オーイズミ パチスロ喰霊－零－ 中古パチスロ実機,ホームスロット,83500,96200,12700,https://home-slot.net/SHOP/s-oizumi15.html
漲價,オッケー. ぱちスロ ウルトラマンタロウ 暴君SPEC 中古パチスロ実機,ホームスロット,35100,47800,12700,https://home-slot.net/SHOP/s-ok200.html
漲價,ジェイビー パチスロ マクロスデルタ 中古パチスロ実機,ホームスロット,54100,66800,12700,https://home-slot.net/SHOP/s-sankyo213.html
漲價,サンスリー S笑ゥせぇるすまん 絶笑 中古パチスロ実機,ホームスロット,35100,47800,12700,https://home-slot.net/SHOP/s-santhree202.html
漲價,タイヨーエレック パチスロ＜物語＞シリーズ セカンドシーズン 中古パチスロ実機 [8ch対応],ホームスロット,35100,47800,12700,https://home-slot.net/SHOP/s-taiyo_elec200.html
漲價,【お取り寄せ商品】オーイズミ パチスロ喰霊－零－ 中古パチスロ実機 [4ch対応],A-SLOT,93500,106200,12700,https://www.a-slot.com/SHOP/oizumi15.html
漲價,オッケー. ぱちスロ ウルトラマンタロウ 暴君SPEC 中古パチスロ実機,A-SLOT,45100,57800,12700,https://www.a-slot.com/SHOP/s-ok200.html
漲價,ジェイビー パチスロ マクロスデルタ 中古パチスロ実機 [4ch対応],A-SLOT,64100,76800,12700,https://www.a-slot.com/SHOP/s-sankyo213.html
漲價,【お取り寄せ商品】サンスリー S笑ゥせぇるすまん 絶笑 中古パチスロ実機,A-SLOT,45100,57800,12700,https://www.a-slot.com/SHOP/santhree202.html
漲價,タイヨーエレック パチスロ＜物語＞シリーズ セカンドシーズン 中古パチスロ実機 [8ch対応][まるごと配送限定],A-SLOT,45100,57800,12700,https://www.a-slot.com/SHOP/taiyo_elec200.html
漲價,PA海物語 極JAPAN Withナギナミ【中古パチンコ台実機】,イニシャルP (FC2),358000,378000,20000,https://initialp.cart.fc2.com/ca1/3996/p4-r1-s/
漲價,アムテックス L不二子BT 中古パチスロ実機 [スマスロ] [8ch対応],ホームスロット,236700,262100,25400,https://home-slot.net/SHOP/s-amt215.html
漲價,アムテックス L不二子BT 中古パチスロ実機 [スマスロ] [8ch対応],A-SLOT,246700,272100,25400,https://www.a-slot.com/SHOP/s-amt215.html
漲價,【6号機】北電子 アイムジャグラーEX [グリーンパネル] 中古パチスロ実機,ホームスロット,74900,101500,26600,https://home-slot.net/SHOP/s-kitadenshi210.html
漲價,【6号機】北電子 アイムジャグラーEX[グリーンパネル] 中古パチスロ実機 [4ch対応],A-SLOT,84900,111500,26600,https://www.a-slot.com/SHOP/s-kitadenshi210.html
漲價,ミズホ スマスロ ミリオンゴッド‐神々の軌跡‐ 中古パチスロ実機 [スマスロ][8ch対応],ホームスロット,1140800,1172500,31700,https://home-slot.net/SHOP/s-mizuho-macy229.html
漲價,ミズホ スマスロ ミリオンゴッド‐神々の軌跡‐ 中古パチスロ実機 [スマスロ][8ch対応],A-SLOT,1150800,1182500,31700,https://www.a-slot.com/SHOP/s-mizuho-macy229.html
漲價,PA大海物語Withアグネス・ラム Premium Edition【中古パチンコ台実機】,イニシャルP (FC2),748000,798000,50000,https://initialp.cart.fc2.com/ca1/4128/p-r1-s/
漲價,【6号機】北電子 アイムジャグラーEX [メインパネル] 中古パチスロ実機,ホームスロット,47800,98500,50700,https://home-slot.net/SHOP/s-kitadenshi204.html
漲價,【6号機】北電子 アイムジャグラーEX 中古パチスロ実機 [4ch対応],A-SLOT,57800,108500,50700,https://www.a-slot.com/SHOP/kitadensi204.html
漲價,ボーダー パチスロ なめ猫～液晶ないけどなめんじゃねぇ～ 中古パチスロ実機,ホームスロット,183100,240100,57000,https://home-slot.net/SHOP/s-border204.html
漲價,ボーダー パチスロ なめ猫～液晶ないけどなめんじゃねぇ～ 中古パチスロ実機,A-SLOT,193100,250100,57000,https://www.a-slot.com/SHOP/s-border204.html
漲價,パイオニア ハイビリターン-30 中古パチスロ実機 [4ch対応],ホームスロット,139800,198100,58300,https://home-slot.net/SHOP/s-pioneer229.html
漲價,パイオニア ハイビリターン-30 中古パチスロ実機 [4ch対応],A-SLOT,149800,208100,58300,https://www.a-slot.com/SHOP/s-pioneer229.html
漲價,北電子 ネオアイムジャグラーEX 中古パチスロ実機,ホームスロット,2541100,2604400,63300,https://home-slot.net/SHOP/s-kitadenshi220.html
漲價,北電子 ネオアイムジャグラーEX 中古パチスロ実機,A-SLOT,2551100,2614400,63300,https://www.a-slot.com/SHOP/s-kitadenshi220.html
漲價,パイオニア スターハナハナ-30 中古パチスロ実機 [4ch対応],ホームスロット,59100,123800,64700,https://home-slot.net/SHOP/s-pioneer226.html
漲價,パイオニア スターハナハナ-30 中古パチスロ実機 [4ch対応],A-SLOT,69100,133800,64700,https://www.a-slot.com/SHOP/s-pioneer226.html
漲價,パイオニア スマート沖スロ スターハナハナ 中古パチスロ実機 [スマスロ] [4ch対応],ホームスロット,126100,194100,68000,https://home-slot.net/SHOP/s-pioneer227.html
漲價,パイオニア スマート沖スロ スターハナハナ 中古パチスロ実機 [スマスロ] [4ch対応],A-SLOT,136100,204100,68000,https://www.a-slot.com/SHOP/s-pioneer227.html
漲價,ユニバーサルブロス アレックス ブライト 中古パチスロ実機 [スマスロ][8ch対応][まるごと配送限定],ホームスロット,134800,204500,69700,https://home-slot.net/SHOP/s-univerasal204.html
漲價,ユニバーサルブロス アレックス ブライト 中古パチスロ実機 [スマスロ][8ch対応][まるごと配送限定],A-SLOT,144800,214500,69700,https://www.a-slot.com/SHOP/s-univerasal204.html
漲價,サミー スマスロ 攻殻機動隊 中古パチスロ実機 [スマスロ][8ch対応][まるごと配送限定],ホームスロット,450200,549100,98900,https://home-slot.net/SHOP/s-sammy231.html
漲價,サミー スマスロ 攻殻機動隊 中古パチスロ実機 [スマスロ][8ch対応][まるごと配送限定],A-SLOT,460200,559100,98900,https://www.a-slot.com/SHOP/s-sammy231.html
漲價,L獣王【中古スマスロ台実機】,イニシャルP (FC2),798000,898000,100000,https://initialp.cart.fc2.com/ca3/4144/p-r3-s/
漲價,マイジャグラーVI【中古パチスロ台実機】,イニシャルP (FC2),1980000,2980000,1000000,https://initialp.cart.fc2.com/ca3/4150/p-r3-s/
已售完,NET チバリヨ-30 中古パチスロ実機,ホームスロット,41500,41500,0,https://home-slot.net/SHOP/s-net207.html
已售完,【お取り寄せ商品】アクロス クランキーセレブレーション 中古パチスロ実機 [8ch対応],A-SLOT,64100,64100,0,https://www.a-slot.com/SHOP/across14.html
已售完,【お取り寄せ商品】DAXEL パチスロ そらのおとしものフォルテ 中古パチスロ実機 [4ch対応],A-SLOT,45100,45100,0,https://www.a-slot.com/SHOP/daxel15.html
已售完,【お取り寄せ商品】北電子 ジャンキージャグラー パネル不問 中古パチスロ実機 [2ch対応],A-SLOT,108500,108500,0,https://www.a-slot.com/SHOP/kitadensi12.html
已售完,【お取り寄せ商品】北電子 ハッピージャグラーV 中古パチスロ実機 [2ch対応],A-SLOT,54000,54000,0,https://www.a-slot.com/SHOP/kitadensi61.html
已售完,北電子 パチスロ 機動警察パトレイバー 中古パチスロ実機 [4ch対応],A-SLOT,55300,55300,0,https://www.a-slot.com/SHOP/kitadensi76.html
已售完,北電子 パチスロテイルズオブシンフォニア 中古パチスロ実機 [4ch対応],A-SLOT,52700,52700,0,https://www.a-slot.com/SHOP/kitadensi83.html
已售完,NET チバリヨ-30 中古パチスロ実機 [8ch対応],A-SLOT,51500,51500,0,https://www.a-slot.com/SHOP/net207.html
已售完,オーイズミ パチスロひぐらしのなく頃に祭2 中古パチスロ実機 [8ch対応][まるごと配送限定],A-SLOT,95000,95000,0,https://www.a-slot.com/SHOP/oizumi205.html
已售完,【お取り寄せ商品】NET チバリヨ-30 琉球紫パネル 中古パチスロ実機 [8ch対応],A-SLOT,56500,56500,0,https://www.a-slot.com/SHOP/s-net212.html
已售完,タイヨーエレック パチスロ バーチャファイター 中古パチスロ実機 [4ch対応],A-SLOT,82300,82300,0,https://www.a-slot.com/SHOP/taiyo_elec25.html
已售完,山佐 パチスロゼーガペイン 中古パチスロ実機 [4ch対応],A-SLOT,153400,153400,0,https://www.a-slot.com/SHOP/yamasa93.html
已售完,大都技研 忍魂弐～烈火ノ章～ 中古パチスロ実機,ホームスロット,47800,54100,6300,https://home-slot.net/SHOP/s-daitogiken46.html
已下架,タイヨーエレック スマスロ北斗の拳[拳王パネル] 中古パチスロ実機 [スマスロ][8ch対応][まるごと配送限定],A-SLOT,71500,,,https://www.a-slot.com/SHOP/s-taiyo_elec206.html
